[
  {
    "url": "https://www.nejm.org/doi/full/10.1056/NEJMoa2504341",
    "title": "Measurable Residual Disease–Guided Therapy for CLL",
    "dato": "2025-06-15",
    "funnet_dato": "2025-06-15"
  },
  {
    "tittel": "EMA Management Board: highlights of June 2025 meeting",
    "url": "https://www.ema.europa.eu/en/news/ema-management-board-highlights-june-2025-meeting",
    "dato": "2025-06-13",
    "funnet_dato": "2025-06-14"
  },
  {
    "tittel": "First vaccine against swine dysentery disease recommended for approval",
    "url": "https://www.ema.europa.eu/en/news/first-vaccine-against-swine-dysentery-disease-recommended-approval",
    "dato": "2025-06-13",
    "funnet_dato": "2025-06-14"
  },
  {
    "tittel": "Meeting highlights from the Committee for Veterinary Medicinal Products (CVMP) 10-12 June 2025",
    "url": "https://www.ema.europa.eu/en/news/meeting-highlights-committee-veterinary-medicinal-products-cvmp-10-12-june-2025",
    "dato": "2025-06-13",
    "funnet_dato": "2025-06-14"
  },
  {
    "tittel": "PRAC concludes eye condition NAION is a very rare side effect of semaglutide medicines Ozempic, Rybelsus and Wegovy",
    "url": "https://www.ema.europa.eu/en/news/prac-concludes-eye-condition-naion-very-rare-side-effect-semaglutide-medicines-ozempic-rybelsus-wegovy",
    "dato": "2025-06-13",
    "funnet_dato": "2025-06-14"
  },
  {
    "tittel": "Cancer control in the Middle East",
    "url": "https://www.thelancet.com/do/10.1016/fdad0e8a-a29e-4961-b9d4-424d2373c210/full_with_header/",
    "dato": "2025-06-11",
    "funnet_dato": "2025-06-14"
  },
  {
    "tittel": "Proportional-Assist Ventilation",
    "url": "https://www.nejm.org/doi/full/10.1056/NEJMoa2505708",
    "dato": "2025-06-13",
    "funnet_dato": "2025-06-14"
  },
  {
    "tittel": "Intravenous Rehydration for Severe Acute Malnutrition",
    "url": "https://www.nejm.org/doi/full/10.1056/NEJMoa2505752",
    "dato": "2025-06-12",
    "funnet_dato": "2025-06-14"
  },
  {
    "tittel": "Lactated Ringer’s Solution versus Normal Saline",
    "url": "https://www.nejm.org/doi/full/10.1056/NEJMoa2416761",
    "dato": "2025-06-12",
    "funnet_dato": "2025-06-14"
  },
  {
    "tittel": "Acute Normovolemic Hemodilution in Cardiac Surgery",
    "url": "https://www.nejm.org/doi/full/10.1056/NEJMoa2504948",
    "dato": "2025-06-13",
    "funnet_dato": "2025-06-14"
  },
  {
    "tittel": "Addressing Antifungal Drug Resistance",
    "url": "https://www.nejm.org/doi/full/10.1056/NEJMp2416548",
    "dato": "2025-06-11",
    "funnet_dato": "2025-06-14"
  },
  {
    "tittel": "John Collins Warren",
    "url": "https://www.nejm.org/doi/full/10.1056/NEJMms2415759",
    "dato": "2025-06-11",
    "funnet_dato": "2025-06-14"
  },
  {
    "tittel": "BCMA T-Cell Engager in Autoimmune Hemolytic Anemia",
    "url": "https://www.nejm.org/doi/full/10.1056/NEJMc2502297",
    "dato": "2025-06-11",
    "funnet_dato": "2025-06-14"
  },
  {
    "tittel": "Gene Therapy for Hemophilia B",
    "url": "https://www.nejm.org/doi/full/10.1056/NEJMoa2414783",
    "dato": "2025-06-11",
    "funnet_dato": "2025-06-14"
  },
  {
    "tittel": "Malnutrition in Aging",
    "url": "https://www.nejm.org/doi/full/10.1056/NEJMra2412275",
    "dato": "2025-06-11",
    "funnet_dato": "2025-06-14"
  },
  {
    "tittel": "A Man with a Nasopharyngeal Mass",
    "url": "https://www.nejm.org/doi/full/10.1056/NEJMcpc2412524",
    "dato": "2025-06-11",
    "funnet_dato": "2025-06-14"
  },
  {
    "tittel": "Ramsay Hunt Syndrome",
    "url": "https://www.nejm.org/doi/full/10.1056/NEJMicm2500293",
    "dato": "2025-06-11",
    "funnet_dato": "2025-06-14"
  },
  {
    "tittel": "MMR Vaccination Coverage of US Children by County",
    "url": "https://jamanetwork.com/journals/jama/fullarticle/10.1001/jama.2025.8952",
    "dato": "2025-06-13",
    "funnet_dato": "2025-06-14"
  },
  {
    "tittel": "Conservative Oxygen Therapy in Mechanically Ventilated Critically Ill Adult Patients: The UK-ROX Randomized Clinical Trial",
    "url": "https://jamanetwork.com/journals/jama/fullarticle/10.1001/jama.2025.9663",
    "dato": "2025-06-13",
    "funnet_dato": "2025-06-14"
  },
  {
    "tittel": "Patient, Treatment, Outcome, Large Simple Trials of Common Therapies",
    "url": "https://jamanetwork.com/journals/jama/fullarticle/10.1001/jama.2025.9657",
    "dato": "2025-06-13",
    "funnet_dato": "2025-06-14"
  },
  {
    "tittel": "Augmented Enteral Protein During Critical Illness: The TARGET Protein Randomized Clinical Trial",
    "url": "https://jamanetwork.com/journals/jama/fullarticle/10.1001/jama.2025.9110",
    "dato": "2025-06-13",
    "funnet_dato": "2025-06-14"
  },
  {
    "tittel": "Conservative Oxygen Therapy With Mechanical Ventilation",
    "url": "https://jamanetwork.com/journals/jama/fullarticle/2835384",
    "dato": "2025-06-13",
    "funnet_dato": "2025-06-14"
  },
  {
    "tittel": "Augmented Enteral Protein During Critical Illness",
    "url": "https://jamanetwork.com/journals/jama/fullarticle/2835302",
    "dato": "2025-06-13",
    "funnet_dato": "2025-06-14"
  },
  {
    "tittel": "Intrapartum Sildenafil to Improve Perinatal Outcomes",
    "url": "https://jamanetwork.com/journals/jama/fullarticle/2835126",
    "dato": "2025-06-13",
    "funnet_dato": "2025-06-14"
  },
  {
    "tittel": "Health Care Workforce Recovery After the End of the COVID-19 Emergency",
    "url": "https://jamanetwork.com/journals/jama/fullarticle/2835045",
    "dato": "2025-06-13",
    "funnet_dato": "2025-06-14"
  },
  {
    "tittel": "Meningeal Embolization for Preventing Chronic Subdural Hematoma Recurrence After Surgery",
    "url": "https://jamanetwork.com/journals/jama/fullarticle/2834971",
    "dato": "2025-06-13",
    "funnet_dato": "2025-06-14"
  },
  {
    "tittel": "COVID-19 Vaccines for Children and Pregnant Women",
    "url": "https://jamanetwork.com/journals/jama/fullarticle/2835581",
    "dato": "2025-06-13",
    "funnet_dato": "2025-06-14"
  },
  {
    "tittel": "Evidence Supports Removing Restrictions on Mifepristone",
    "url": "https://jamanetwork.com/journals/jama/fullarticle/2835287",
    "dato": "2025-06-13",
    "funnet_dato": "2025-06-14"
  },
  {
    "tittel": "Meaningful Work and the Echoes of Time",
    "url": "https://jamanetwork.com/journals/jama/fullarticle/2835288",
    "dato": "2025-06-13",
    "funnet_dato": "2025-06-14"
  },
  {
    "tittel": "Large Simple Trials of Common Therapies",
    "url": "https://jamanetwork.com/journals/jama/fullarticle/2835385",
    "dato": "2025-06-13",
    "funnet_dato": "2025-06-14"
  },
  {
    "tittel": "Poetry, Memory, and Medicine",
    "url": "https://jamanetwork.com/journals/jama/fullarticle/2835219",
    "dato": "2025-06-13",
    "funnet_dato": "2025-06-14"
  },
  {
    "tittel": "Platelet Transfusion International Clinical Practice Guidelines",
    "url": "https://jamanetwork.com/journals/jama/fullarticle/2834703",
    "dato": "2025-06-13",
    "funnet_dato": "2025-06-14"
  },
  {
    "tittel": "A Woman With Headache, Fatigue, and Aphasia",
    "url": "https://jamanetwork.com/journals/jama/fullarticle/2834700",
    "dato": "2025-06-13",
    "funnet_dato": "2025-06-14"
  },
  {
    "tittel": "Uveitis in Adults: A Review",
    "url": "https://jamanetwork.com/journals/jama/fullarticle/2834628",
    "dato": "2025-06-13",
    "funnet_dato": "2025-06-14"
  },
  {
    "tittel": "Immune Thrombotic Thrombocytopenic Purpura: A Review",
    "url": "https://jamanetwork.com/journals/jama/fullarticle/2834159",
    "dato": "2025-06-13",
    "funnet_dato": "2025-06-14"
  },
  {
    "tittel": "Swelling of Face, Neck, and Chest During a Dental Cleaning",
    "url": "https://jamanetwork.com/journals/jama/fullarticle/2834044",
    "dato": "2025-06-13",
    "funnet_dato": "2025-06-14"
  },
  {
    "tittel": "The emerging era of liquid biopsy in endocrine-resistant metastatic breast cancer",
    "url": "https://dailyreporter.esmo.org/homepage/opinion/the-emerging-era-of-liquid-biopsy-in-endocrine-resistant-metastatic-breast-cancer",
    "dato": "2025-06-12",
    "funnet_dato": "2025-06-14"
  },
  {
    "tittel": "First-line use of antibody-drug conjugates: a turning point in metastatic breast cancer",
    "url": "https://dailyreporter.esmo.org/homepage/opinion/first-line-use-of-antibody-drug-conjugates-a-turning-point-in-metastatic-breast-cancer",
    "dato": "2025-06-11",
    "funnet_dato": "2025-06-14"
  },
  {
    "tittel": "Eli Lilly's experimental obesity drug shows over 11% weight loss in early trial",
    "url": "https://www.reuters.com/business/healthcare-pharmaceuticals/eli-lillys-experimental-obesity-drug-shows-over-11-weight-loss-early-trial-2025-06-13/",
    "dato": "2025-06-13",
    "funnet_dato": "2025-06-14"
  },
  {
    "tittel": "STAT Plus: Up and down the ladder: The latest comings and goings",
    "url": "https://www.statnews.com/pharmalot/2025/06/13/biotech-pharma-jobs-bristol-astrazeneca-pfizer-sanofi/",
    "dato": "2025-06-13",
    "funnet_dato": "2025-06-14"
  },
  {
    "tittel": "STAT Plus: Trump administration demands pharma companies begin drug price negotiations, a day after key deadline",
    "url": "https://www.statnews.com/2025/06/12/trump-administration-demands-drug-companies-start-negotiating-prices/",
    "dato": "2025-06-12",
    "funnet_dato": "2025-06-14"
  },
  {
    "tittel": "STAT Plus: Pharma wins a victory over a Minnesota law designed to provide transparency into drug pricing",
    "url": "https://www.statnews.com/pharmalot/2025/06/12/pharma-medicines-drugs-prices-constiution-transparency-minnesota-lawsuit/",
    "dato": "2025-06-12",
    "funnet_dato": "2025-06-14"
  },
  {
    "tittel": "STAT Plus: Insmed is an attractive, but expensive takeout meal",
    "url": "https://www.statnews.com/2025/06/12/insmed-biotech-regeneron-igan/",
    "dato": "2025-06-12",
    "funnet_dato": "2025-06-14"
  },
  {
    "tittel": "STAT Plus: A closer look at the new members of the CDC vaccine advisory panel",
    "url": "https://www.statnews.com/2025/06/11/rfk-jr-vaccine-advisory-panel-new-acip-members-include-mrna-skeptics-covid-critics/",
    "dato": "2025-06-11",
    "funnet_dato": "2025-06-14"
  },
  {
    "tittel": "STAT Plus: Braced for details on Trump’s ‘most favored nation’ policy, pharma industry is still waiting",
    "url": "https://www.statnews.com/2025/06/11/trump-pharma-most-favored-nation-policy-details/",
    "dato": "2025-06-11",
    "funnet_dato": "2025-06-14"
  },
  {
    "tittel": "RFK Jr. names new members of CDC’s vaccine advisory panel",
    "url": "https://www.statnews.com/2025/06/11/rfk-jr-names-new-acip-members-replaces-cdc-vaccine-experts-he-just-fired/",
    "dato": "2025-06-11",
    "funnet_dato": "2025-06-14"
  },
  {
    "tittel": "STAT Plus: Cassidy is circulating a proposed law to push down U.S. drug prices, backing a key Trump ambition",
    "url": "https://www.statnews.com/2025/06/11/cassidy-drug-pricing-bill-trump-most-favored-nations/",
    "dato": "2025-06-11",
    "funnet_dato": "2025-06-14"
  },
  {
    "tittel": "STAT Plus: Gilead pauses trials of HIV combination therapy",
    "url": "https://www.statnews.com/2025/06/11/biotech-news-gilead-23andme-argenx-rayzebio-novo-nordisk-argenx-the-readout/",
    "dato": "2025-06-11",
    "funnet_dato": "2025-06-14"
  }
]